med_group,patients,readmission_rate,readmission_rate_pct
1-5,4926,0.07490864799025579,7.49
6-10,20345,0.09506021135414107,9.51
11-15,28700,0.10933797909407665,10.93
16-20,22118,0.12275070078668958,12.28
20+,23404,0.12873867714920526,12.87
